<?xml version="1.0" encoding="UTF-8"?>

<beans xmlns="http://www.springframework.org/schema/beans"
	xmlns:xsi="http://www.w3.org/2001/XMLSchema-instance" xmlns:mvc="http://www.springframework.org/schema/mvc"
	xmlns:context="http://www.springframework.org/schema/context"
	xsi:schemaLocation="http://www.springframework.org/schema/mvc http://www.springframework.org/schema/mvc/spring-mvc.xsd
		http://www.springframework.org/schema/beans http://www.springframework.org/schema/beans/spring-beans.xsd
		http://www.springframework.org/schema/context http://www.springframework.org/schema/context/spring-context.xsd">

	<!-- Uncomment and your base-package here: -->
	<context:component-scan base-package="com.nordea.nvp.tupas.mockbank" />

	<mvc:default-servlet-handler/>
	<mvc:annotation-driven />
  
	 <bean
		class="org.springframework.web.servlet.view.InternalResourceViewResolver">
		
		<property name="prefix" value="/WEB-INF/view/" />
		<property name="suffix" value=".jsp" />
	</bean> 

 <bean id="viewResolver" class="org.springframework.web.servlet.view.UrlBasedViewResolver">
		<property name="viewClass"
			value="org.springframework.web.servlet.view.JstlView" />
		<property name="prefix" value="/jsp/" />
		<property name="suffix" value=".jsp" />
	</bean>
 
  <mvc:resources  mapping="/css/**" location="/css/css/" />
  <mvc:resources  mapping="/css/fonts/**" location="/css/fonts/" />
  <mvc:resources  mapping="/js/**" location="/js/" />
  <mvc:resources  mapping="/images/**" location="/images/" />
  <context:property-placeholder location="classpath:banks.properties"/>
</beans>
